"hydroid","Well","Date","Value","Parameter","varkey"
"60423","WD FROM SP HOLLOW RES","2018/12/01","146.03","Monthly withdrawal in millions of gallons","wd_mgm"
"60423","WD FROM SP HOLLOW RES","2018/11/01","159.027","Monthly withdrawal in millions of gallons","wd_mgm"
"60423","WD FROM SP HOLLOW RES","2018/10/01","150.744","Monthly withdrawal in millions of gallons","wd_mgm"
"60423","WD FROM SP HOLLOW RES","2018/09/01","149.966","Monthly withdrawal in millions of gallons","wd_mgm"
"60423","WD FROM SP HOLLOW RES","2018/08/01","151.794","Monthly withdrawal in millions of gallons","wd_mgm"
"60423","WD FROM SP HOLLOW RES","2018/07/01","157.977","Monthly withdrawal in millions of gallons","wd_mgm"
"60423","WD FROM SP HOLLOW RES","2018/06/01","7.342","Maximum daily water use by a system or MP based on annual report","max_daily_wd_mgd"
"60423","WD FROM SP HOLLOW RES","2018/06/01","175.084","Monthly withdrawal in millions of gallons","wd_mgm"
"60423","WD FROM SP HOLLOW RES","2018/05/01","170.294","Monthly withdrawal in millions of gallons","wd_mgm"
"60423","WD FROM SP HOLLOW RES","2018/04/01","138.68","Monthly withdrawal in millions of gallons","wd_mgm"
"60423","WD FROM SP HOLLOW RES","2018/03/01","140.33","Monthly withdrawal in millions of gallons","wd_mgm"
"60423","WD FROM SP HOLLOW RES","2018/02/01","156.581","Monthly withdrawal in millions of gallons","wd_mgm"
"60423","WD FROM SP HOLLOW RES","2018/01/01","1,874.823","Withdrawal in MGY","wd_mgy"
"60423","WD FROM SP HOLLOW RES","2018/01/01","0","Where the metered value was observed, customer (V) or source (S).","water_meterloc"
"60423","WD FROM SP HOLLOW RES","2018/01/01","178.316","Monthly withdrawal in millions of gallons","wd_mgm"
"60423","WD FROM SP HOLLOW RES","2018/01/01","0","Method used to determine amount withdrawn or transferred.  Options are estimated (E) and measured (M).","water_meter_method"
"60423","WD FROM SP HOLLOW RES","2017/12/01","135.398","Monthly withdrawal in millions of gallons","wd_mgm"
"60423","WD FROM SP HOLLOW RES","2017/11/01","137.444","Monthly withdrawal in millions of gallons","wd_mgm"
"60423","WD FROM SP HOLLOW RES","2017/10/01","150.955","Monthly withdrawal in millions of gallons","wd_mgm"
"60423","WD FROM SP HOLLOW RES","2017/09/01","143.531","Monthly withdrawal in millions of gallons","wd_mgm"
"60423","WD FROM SP HOLLOW RES","2017/08/01","157.835","Monthly withdrawal in millions of gallons","wd_mgm"
"60423","WD FROM SP HOLLOW RES","2017/07/01","144.716","Monthly withdrawal in millions of gallons","wd_mgm"
"60423","WD FROM SP HOLLOW RES","2017/06/01","122.186","Monthly withdrawal in millions of gallons","wd_mgm"
"60423","WD FROM SP HOLLOW RES","2017/05/01","130.692","Monthly withdrawal in millions of gallons","wd_mgm"
"60423","WD FROM SP HOLLOW RES","2017/04/01","123.161","Monthly withdrawal in millions of gallons","wd_mgm"
"60423","WD FROM SP HOLLOW RES","2017/03/01","135.529","Monthly withdrawal in millions of gallons","wd_mgm"
"60423","WD FROM SP HOLLOW RES","2017/02/01","129.992","Monthly withdrawal in millions of gallons","wd_mgm"
"60423","WD FROM SP HOLLOW RES","2017/01/01","0","Maximum daily water use by a system or MP based on annual report","max_daily_wd_mgd"
"60423","WD FROM SP HOLLOW RES","2017/01/01","0","Where the metered value was observed, customer (V) or source (S).","water_meterloc"
"60423","WD FROM SP HOLLOW RES","2017/01/01","0","Method used to determine amount withdrawn or transferred.  Options are estimated (E) and measured (M).","water_meter_method"
"60423","WD FROM SP HOLLOW RES","2017/01/01","1,675.117","Withdrawal in MGY","wd_mgy"
"60423","WD FROM SP HOLLOW RES","2017/01/01","163.678","Monthly withdrawal in millions of gallons","wd_mgm"
"60423","WD FROM SP HOLLOW RES","2016/12/01","145.952","Monthly withdrawal in millions of gallons","wd_mgm"
"60423","WD FROM SP HOLLOW RES","2016/12/01","0","Water withdrawal in Million gallons Per Day","wl_mgd"
"60423","WD FROM SP HOLLOW RES","2016/11/01","134.501","Monthly withdrawal in millions of gallons","wd_mgm"
"60423","WD FROM SP HOLLOW RES","2016/11/01","0","Water withdrawal in Million gallons Per Day","wl_mgd"
"60423","WD FROM SP HOLLOW RES","2016/10/01","0","Water withdrawal in Million gallons Per Day","wl_mgd"
"60423","WD FROM SP HOLLOW RES","2016/10/01","131.001","Monthly withdrawal in millions of gallons","wd_mgm"
"60423","WD FROM SP HOLLOW RES","2016/09/01","136.808","Monthly withdrawal in millions of gallons","wd_mgm"
"60423","WD FROM SP HOLLOW RES","2016/09/01","0","Water withdrawal in Million gallons Per Day","wl_mgd"
"60423","WD FROM SP HOLLOW RES","2016/08/01","0","Water withdrawal in Million gallons Per Day","wl_mgd"
"60423","WD FROM SP HOLLOW RES","2016/08/01","124.226","Monthly withdrawal in millions of gallons","wd_mgm"
"60423","WD FROM SP HOLLOW RES","2016/07/01","0","Water withdrawal in Million gallons Per Day","wl_mgd"
"60423","WD FROM SP HOLLOW RES","2016/07/01","135.845","Monthly withdrawal in millions of gallons","wd_mgm"
"60423","WD FROM SP HOLLOW RES","2016/06/01","131.825","Monthly withdrawal in millions of gallons","wd_mgm"
"60423","WD FROM SP HOLLOW RES","2016/06/01","0","Water withdrawal in Million gallons Per Day","wl_mgd"
"60423","WD FROM SP HOLLOW RES","2016/06/01","13","",""
"60423","WD FROM SP HOLLOW RES","2016/05/01","0","Water withdrawal in Million gallons Per Day","wl_mgd"
"60423","WD FROM SP HOLLOW RES","2016/05/01","126.148","Monthly withdrawal in millions of gallons","wd_mgm"
"60423","WD FROM SP HOLLOW RES","2016/04/01","112.964","Monthly withdrawal in millions of gallons","wd_mgm"
"60423","WD FROM SP HOLLOW RES","2016/04/01","0","Water withdrawal in Million gallons Per Day","wl_mgd"
"60423","WD FROM SP HOLLOW RES","2016/03/01","106.356","Monthly withdrawal in millions of gallons","wd_mgm"
"60423","WD FROM SP HOLLOW RES","2016/03/01","0","Water withdrawal in Million gallons Per Day","wl_mgd"
"60423","WD FROM SP HOLLOW RES","2016/02/01","0","Water withdrawal in Million gallons Per Day","wl_mgd"
"60423","WD FROM SP HOLLOW RES","2016/02/01","100.617","Monthly withdrawal in millions of gallons","wd_mgm"
"60423","WD FROM SP HOLLOW RES","2016/01/01","0","Water withdrawal in Million gallons Per Day","wl_mgd"
"60423","WD FROM SP HOLLOW RES","2016/01/01","1,489.481","Withdrawal in MGY","wd_mgy"
"60423","WD FROM SP HOLLOW RES","2016/01/01","103.238","Monthly withdrawal in millions of gallons","wd_mgm"
"60423","WD FROM SP HOLLOW RES","2016/01/01","0","Where the metered value was observed, customer (V) or source (S).","water_meterloc"
"60423","WD FROM SP HOLLOW RES","2016/01/01","0","Method used to determine amount withdrawn or transferred.  Options are estimated (E) and measured (M).","water_meter_method"
"60423","WD FROM SP HOLLOW RES","2015/12/01","3.51096774193548","Water withdrawal in Million gallons Per Day","wl_mgd"
"60423","WD FROM SP HOLLOW RES","2015/12/01","108.84","Monthly withdrawal in millions of gallons","wd_mgm"
"60423","WD FROM SP HOLLOW RES","2015/11/01","3.62033333333333","Water withdrawal in Million gallons Per Day","wl_mgd"
"60423","WD FROM SP HOLLOW RES","2015/11/01","108.61","Monthly withdrawal in millions of gallons","wd_mgm"
"60423","WD FROM SP HOLLOW RES","2015/10/01","2.83290322580645","Water withdrawal in Million gallons Per Day","wl_mgd"
"60423","WD FROM SP HOLLOW RES","2015/10/01","87.82","Monthly withdrawal in millions of gallons","wd_mgm"
"60423","WD FROM SP HOLLOW RES","2015/09/01","4.325","Water withdrawal in Million gallons Per Day","wl_mgd"
"60423","WD FROM SP HOLLOW RES","2015/09/01","129.75","Monthly withdrawal in millions of gallons","wd_mgm"
"60423","WD FROM SP HOLLOW RES","2015/08/01","142.51","Monthly withdrawal in millions of gallons","wd_mgm"
"60423","WD FROM SP HOLLOW RES","2015/08/01","4.59709677419355","Water withdrawal in Million gallons Per Day","wl_mgd"
"60423","WD FROM SP HOLLOW RES","2015/07/01","144.57","Monthly withdrawal in millions of gallons","wd_mgm"
"60423","WD FROM SP HOLLOW RES","2015/07/01","4.66354838709677","Water withdrawal in Million gallons Per Day","wl_mgd"
"60423","WD FROM SP HOLLOW RES","2015/06/01","129.12","Monthly withdrawal in millions of gallons","wd_mgm"
"60423","WD FROM SP HOLLOW RES","2015/06/01","4.304","Water withdrawal in Million gallons Per Day","wl_mgd"
"60423","WD FROM SP HOLLOW RES","2015/05/01","4.23741935483871","Water withdrawal in Million gallons Per Day","wl_mgd"
"60423","WD FROM SP HOLLOW RES","2015/05/01","131.36","Monthly withdrawal in millions of gallons","wd_mgm"
"60423","WD FROM SP HOLLOW RES","2015/04/01","3.58466666666667","Water withdrawal in Million gallons Per Day","wl_mgd"
"60423","WD FROM SP HOLLOW RES","2015/04/01","107.54","Monthly withdrawal in millions of gallons","wd_mgm"
"60423","WD FROM SP HOLLOW RES","2015/03/01","116.46","Monthly withdrawal in millions of gallons","wd_mgm"
"60423","WD FROM SP HOLLOW RES","2015/03/01","3.75677419354839","Water withdrawal in Million gallons Per Day","wl_mgd"
"60423","WD FROM SP HOLLOW RES","2015/02/01","4.89857142857143","Water withdrawal in Million gallons Per Day","wl_mgd"
"60423","WD FROM SP HOLLOW RES","2015/02/01","137.16","Monthly withdrawal in millions of gallons","wd_mgm"
"60423","WD FROM SP HOLLOW RES","2015/01/01","4.89548387096774","Water withdrawal in Million gallons Per Day","wl_mgd"
"60423","WD FROM SP HOLLOW RES","2015/01/01","151.76","Monthly withdrawal in millions of gallons","wd_mgm"
"60423","WD FROM SP HOLLOW RES","2015/01/01","1,495.5","Withdrawal in MGY","wd_mgy"
"60423","WD FROM SP HOLLOW RES","2014/12/01","142.077","Monthly withdrawal in millions of gallons","wd_mgm"
"60423","WD FROM SP HOLLOW RES","2014/12/01","4.58312903225806","Water withdrawal in Million gallons Per Day","wl_mgd"
"60423","WD FROM SP HOLLOW RES","2014/11/01","4.07476666666667","Water withdrawal in Million gallons Per Day","wl_mgd"
"60423","WD FROM SP HOLLOW RES","2014/11/01","122.243","Monthly withdrawal in millions of gallons","wd_mgm"
"60423","WD FROM SP HOLLOW RES","2014/10/01","4.15403225806452","Water withdrawal in Million gallons Per Day","wl_mgd"
"60423","WD FROM SP HOLLOW RES","2014/10/01","128.775","Monthly withdrawal in millions of gallons","wd_mgm"
"60423","WD FROM SP HOLLOW RES","2014/09/01","125.772","Monthly withdrawal in millions of gallons","wd_mgm"
"60423","WD FROM SP HOLLOW RES","2014/09/01","4.1924","Water withdrawal in Million gallons Per Day","wl_mgd"
"60423","WD FROM SP HOLLOW RES","2014/08/01","4.23170967741935","Water withdrawal in Million gallons Per Day","wl_mgd"
"60423","WD FROM SP HOLLOW RES","2014/08/01","131.183","Monthly withdrawal in millions of gallons","wd_mgm"
"60423","WD FROM SP HOLLOW RES","2014/07/01","144.853","Monthly withdrawal in millions of gallons","wd_mgm"
"60423","WD FROM SP HOLLOW RES","2014/07/01","4.67267741935484","Water withdrawal in Million gallons Per Day","wl_mgd"
"60423","WD FROM SP HOLLOW RES","2014/06/01","144.007","Monthly withdrawal in millions of gallons","wd_mgm"
"60423","WD FROM SP HOLLOW RES","2014/06/01","4.80023333333333","Water withdrawal in Million gallons Per Day","wl_mgd"
"60423","WD FROM SP HOLLOW RES","2014/05/01","4.15796774193548","Water withdrawal in Million gallons Per Day","wl_mgd"
"60423","WD FROM SP HOLLOW RES","2014/05/01","128.897","Monthly withdrawal in millions of gallons","wd_mgm"
"60423","WD FROM SP HOLLOW RES","2014/04/01","3.9482","Water withdrawal in Million gallons Per Day","wl_mgd"
"60423","WD FROM SP HOLLOW RES","2014/04/01","118.446","Monthly withdrawal in millions of gallons","wd_mgm"
"60423","WD FROM SP HOLLOW RES","2014/03/01","140.895","Monthly withdrawal in millions of gallons","wd_mgm"
"60423","WD FROM SP HOLLOW RES","2014/03/01","4.545","Water withdrawal in Million gallons Per Day","wl_mgd"
"60423","WD FROM SP HOLLOW RES","2014/02/01","4.73132142857143","Water withdrawal in Million gallons Per Day","wl_mgd"
"60423","WD FROM SP HOLLOW RES","2014/02/01","132.477","Monthly withdrawal in millions of gallons","wd_mgm"
"60423","WD FROM SP HOLLOW RES","2014/01/01","4.45445161290323","Water withdrawal in Million gallons Per Day","wl_mgd"
"60423","WD FROM SP HOLLOW RES","2014/01/01","138.088","Monthly withdrawal in millions of gallons","wd_mgm"
"60423","WD FROM SP HOLLOW RES","2014/01/01","1,597.713","Withdrawal in MGY","wd_mgy"
"60423","WD FROM SP HOLLOW RES","2013/12/01","134.92","Monthly withdrawal in millions of gallons","wd_mgm"
"60423","WD FROM SP HOLLOW RES","2013/12/01","4.35225806451613","Water withdrawal in Million gallons Per Day","wl_mgd"
"60423","WD FROM SP HOLLOW RES","2013/11/01","4.127","Water withdrawal in Million gallons Per Day","wl_mgd"
"60423","WD FROM SP HOLLOW RES","2013/11/01","123.81","Monthly withdrawal in millions of gallons","wd_mgm"
"60423","WD FROM SP HOLLOW RES","2013/10/01","123.83","Monthly withdrawal in millions of gallons","wd_mgm"
"60423","WD FROM SP HOLLOW RES","2013/10/01","3.99451612903226","Water withdrawal in Million gallons Per Day","wl_mgd"
"60423","WD FROM SP HOLLOW RES","2013/09/01","129.5","Monthly withdrawal in millions of gallons","wd_mgm"
"60423","WD FROM SP HOLLOW RES","2013/09/01","4.31666666666667","Water withdrawal in Million gallons Per Day","wl_mgd"
"60423","WD FROM SP HOLLOW RES","2013/08/01","118.12","Monthly withdrawal in millions of gallons","wd_mgm"
"60423","WD FROM SP HOLLOW RES","2013/08/01","3.81032258064516","Water withdrawal in Million gallons Per Day","wl_mgd"
"60423","WD FROM SP HOLLOW RES","2013/07/01","3.79225806451613","Water withdrawal in Million gallons Per Day","wl_mgd"
"60423","WD FROM SP HOLLOW RES","2013/07/01","117.56","Monthly withdrawal in millions of gallons","wd_mgm"
"60423","WD FROM SP HOLLOW RES","2013/06/01","124.69","Monthly withdrawal in millions of gallons","wd_mgm"
"60423","WD FROM SP HOLLOW RES","2013/06/01","4.15633333333333","Water withdrawal in Million gallons Per Day","wl_mgd"
"60423","WD FROM SP HOLLOW RES","2013/05/01","108.91","Monthly withdrawal in millions of gallons","wd_mgm"
"60423","WD FROM SP HOLLOW RES","2013/05/01","3.51322580645161","Water withdrawal in Million gallons Per Day","wl_mgd"
"60423","WD FROM SP HOLLOW RES","2013/04/01","3.85933333333333","Water withdrawal in Million gallons Per Day","wl_mgd"
"60423","WD FROM SP HOLLOW RES","2013/04/01","115.78","Monthly withdrawal in millions of gallons","wd_mgm"
"60423","WD FROM SP HOLLOW RES","2013/03/01","3.00645161290323","Water withdrawal in Million gallons Per Day","wl_mgd"
"60423","WD FROM SP HOLLOW RES","2013/03/01","93.2","Monthly withdrawal in millions of gallons","wd_mgm"
"60423","WD FROM SP HOLLOW RES","2013/02/01","3.58892857142857","Water withdrawal in Million gallons Per Day","wl_mgd"
"60423","WD FROM SP HOLLOW RES","2013/02/01","100.49","Monthly withdrawal in millions of gallons","wd_mgm"
"60423","WD FROM SP HOLLOW RES","2013/01/01","1,435.93","Withdrawal in MGY","wd_mgy"
"60423","WD FROM SP HOLLOW RES","2013/01/01","145.12","Monthly withdrawal in millions of gallons","wd_mgm"
"60423","WD FROM SP HOLLOW RES","2013/01/01","4.68129032258065","Water withdrawal in Million gallons Per Day","wl_mgd"
"60423","WD FROM SP HOLLOW RES","2012/12/01","3.20996774193548","Water withdrawal in Million gallons Per Day","wl_mgd"
"60423","WD FROM SP HOLLOW RES","2012/12/01","99.509","Monthly withdrawal in millions of gallons","wd_mgm"
"60423","WD FROM SP HOLLOW RES","2012/11/01","106.904","Monthly withdrawal in millions of gallons","wd_mgm"
"60423","WD FROM SP HOLLOW RES","2012/11/01","3.56346666666667","Water withdrawal in Million gallons Per Day","wl_mgd"
"60423","WD FROM SP HOLLOW RES","2012/10/01","4.04506451612903","Water withdrawal in Million gallons Per Day","wl_mgd"
"60423","WD FROM SP HOLLOW RES","2012/10/01","125.397","Monthly withdrawal in millions of gallons","wd_mgm"
"60423","WD FROM SP HOLLOW RES","2012/09/01","4.96866666666667","Water withdrawal in Million gallons Per Day","wl_mgd"
"60423","WD FROM SP HOLLOW RES","2012/09/01","149.06","Monthly withdrawal in millions of gallons","wd_mgm"
"60423","WD FROM SP HOLLOW RES","2012/08/01","165.076","Monthly withdrawal in millions of gallons","wd_mgm"
"60423","WD FROM SP HOLLOW RES","2012/08/01","5.32503225806452","Water withdrawal in Million gallons Per Day","wl_mgd"
"60423","WD FROM SP HOLLOW RES","2012/07/01","6.03893548387097","Water withdrawal in Million gallons Per Day","wl_mgd"
"60423","WD FROM SP HOLLOW RES","2012/07/01","187.207","Monthly withdrawal in millions of gallons","wd_mgm"
"60423","WD FROM SP HOLLOW RES","2012/06/01","160.37","Monthly withdrawal in millions of gallons","wd_mgm"
"60423","WD FROM SP HOLLOW RES","2012/06/01","5.34566666666667","Water withdrawal in Million gallons Per Day","wl_mgd"
"60423","WD FROM SP HOLLOW RES","2012/05/01","153.586","Monthly withdrawal in millions of gallons","wd_mgm"
"60423","WD FROM SP HOLLOW RES","2012/05/01","4.95438709677419","Water withdrawal in Million gallons Per Day","wl_mgd"
"60423","WD FROM SP HOLLOW RES","2012/04/01","4.46376666666667","Water withdrawal in Million gallons Per Day","wl_mgd"
"60423","WD FROM SP HOLLOW RES","2012/04/01","133.913","Monthly withdrawal in millions of gallons","wd_mgm"
"60423","WD FROM SP HOLLOW RES","2012/03/01","141.625","Monthly withdrawal in millions of gallons","wd_mgm"
"60423","WD FROM SP HOLLOW RES","2012/03/01","4.56854838709677","Water withdrawal in Million gallons Per Day","wl_mgd"
"60423","WD FROM SP HOLLOW RES","2012/02/01","133.331","Monthly withdrawal in millions of gallons","wd_mgm"
"60423","WD FROM SP HOLLOW RES","2012/02/01","4.59762068965517","Water withdrawal in Million gallons Per Day","wl_mgd"
"60423","WD FROM SP HOLLOW RES","2012/01/01","4.52293548387097","Water withdrawal in Million gallons Per Day","wl_mgd"
"60423","WD FROM SP HOLLOW RES","2012/01/01","1,696.189","Withdrawal in MGY","wd_mgy"
"60423","WD FROM SP HOLLOW RES","2012/01/01","140.211","Monthly withdrawal in millions of gallons","wd_mgm"
"60423","WD FROM SP HOLLOW RES","2011/12/01","4.11806451612903","Water withdrawal in Million gallons Per Day","wl_mgd"
"60423","WD FROM SP HOLLOW RES","2011/12/01","127.66","Monthly withdrawal in millions of gallons","wd_mgm"
"60423","WD FROM SP HOLLOW RES","2011/11/01","119.73","Monthly withdrawal in millions of gallons","wd_mgm"
"60423","WD FROM SP HOLLOW RES","2011/11/01","3.991","Water withdrawal in Million gallons Per Day","wl_mgd"
"60423","WD FROM SP HOLLOW RES","2011/10/01","4.18387096774194","Water withdrawal in Million gallons Per Day","wl_mgd"
"60423","WD FROM SP HOLLOW RES","2011/10/01","129.7","Monthly withdrawal in millions of gallons","wd_mgm"
"60423","WD FROM SP HOLLOW RES","2011/09/01","5.037","Water withdrawal in Million gallons Per Day","wl_mgd"
"60423","WD FROM SP HOLLOW RES","2011/09/01","151.11","Monthly withdrawal in millions of gallons","wd_mgm"
"60423","WD FROM SP HOLLOW RES","2011/08/01","6.06129032258065","Water withdrawal in Million gallons Per Day","wl_mgd"
"60423","WD FROM SP HOLLOW RES","2011/08/01","187.9","Monthly withdrawal in millions of gallons","wd_mgm"
"60423","WD FROM SP HOLLOW RES","2011/07/01","5.68741935483871","Water withdrawal in Million gallons Per Day","wl_mgd"
"60423","WD FROM SP HOLLOW RES","2011/07/01","176.31","Monthly withdrawal in millions of gallons","wd_mgm"
"60423","WD FROM SP HOLLOW RES","2011/06/01","157.34","Monthly withdrawal in millions of gallons","wd_mgm"
"60423","WD FROM SP HOLLOW RES","2011/06/01","5.24466666666667","Water withdrawal in Million gallons Per Day","wl_mgd"
"60423","WD FROM SP HOLLOW RES","2011/05/01","3.89645161290323","Water withdrawal in Million gallons Per Day","wl_mgd"
"60423","WD FROM SP HOLLOW RES","2011/05/01","120.79","Monthly withdrawal in millions of gallons","wd_mgm"
"60423","WD FROM SP HOLLOW RES","2011/04/01","4.18533333333333","Water withdrawal in Million gallons Per Day","wl_mgd"
"60423","WD FROM SP HOLLOW RES","2011/04/01","125.56","Monthly withdrawal in millions of gallons","wd_mgm"
"60423","WD FROM SP HOLLOW RES","2011/03/01","4.20903225806452","Water withdrawal in Million gallons Per Day","wl_mgd"
"60423","WD FROM SP HOLLOW RES","2011/03/01","130.48","Monthly withdrawal in millions of gallons","wd_mgm"
"60423","WD FROM SP HOLLOW RES","2011/02/01","132.86","Monthly withdrawal in millions of gallons","wd_mgm"
"60423","WD FROM SP HOLLOW RES","2011/02/01","4.745","Water withdrawal in Million gallons Per Day","wl_mgd"
"60423","WD FROM SP HOLLOW RES","2011/01/01","152.62","Monthly withdrawal in millions of gallons","wd_mgm"
"60423","WD FROM SP HOLLOW RES","2011/01/01","4.92322580645161","Water withdrawal in Million gallons Per Day","wl_mgd"
"60423","WD FROM SP HOLLOW RES","2011/01/01","1,712.06","Withdrawal in MGY","wd_mgy"
"60423","WD FROM SP HOLLOW RES","2010/12/01","4.89677419354839","Water withdrawal in Million gallons Per Day","wl_mgd"
"60423","WD FROM SP HOLLOW RES","2010/12/01","151.8","Monthly withdrawal in millions of gallons","wd_mgm"
"60423","WD FROM SP HOLLOW RES","2010/11/01","165.8","Monthly withdrawal in millions of gallons","wd_mgm"
"60423","WD FROM SP HOLLOW RES","2010/11/01","5.52666666666667","Water withdrawal in Million gallons Per Day","wl_mgd"
"60423","WD FROM SP HOLLOW RES","2010/10/01","5.29677419354839","Water withdrawal in Million gallons Per Day","wl_mgd"
"60423","WD FROM SP HOLLOW RES","2010/10/01","164.2","Monthly withdrawal in millions of gallons","wd_mgm"
"60423","WD FROM SP HOLLOW RES","2010/09/01","176.3","Monthly withdrawal in millions of gallons","wd_mgm"
"60423","WD FROM SP HOLLOW RES","2010/09/01","5.87666666666667","Water withdrawal in Million gallons Per Day","wl_mgd"
"60423","WD FROM SP HOLLOW RES","2010/08/01","5.64516129032258","Water withdrawal in Million gallons Per Day","wl_mgd"
"60423","WD FROM SP HOLLOW RES","2010/08/01","175","Monthly withdrawal in millions of gallons","wd_mgm"
"60423","WD FROM SP HOLLOW RES","2010/07/01","6.41290322580645","Water withdrawal in Million gallons Per Day","wl_mgd"
"60423","WD FROM SP HOLLOW RES","2010/07/01","198.8","Monthly withdrawal in millions of gallons","wd_mgm"
"60423","WD FROM SP HOLLOW RES","2010/06/01","6.19","Water withdrawal in Million gallons Per Day","wl_mgd"
"60423","WD FROM SP HOLLOW RES","2010/06/01","185.7","Monthly withdrawal in millions of gallons","wd_mgm"
"60423","WD FROM SP HOLLOW RES","2010/05/01","5.78387096774194","Water withdrawal in Million gallons Per Day","wl_mgd"
"60423","WD FROM SP HOLLOW RES","2010/05/01","179.3","Monthly withdrawal in millions of gallons","wd_mgm"
"60423","WD FROM SP HOLLOW RES","2010/04/01","5.30333333333333","Water withdrawal in Million gallons Per Day","wl_mgd"
"60423","WD FROM SP HOLLOW RES","2010/04/01","159.1","Monthly withdrawal in millions of gallons","wd_mgm"
"60423","WD FROM SP HOLLOW RES","2010/03/01","4.98064516129032","Water withdrawal in Million gallons Per Day","wl_mgd"
"60423","WD FROM SP HOLLOW RES","2010/03/01","154.4","Monthly withdrawal in millions of gallons","wd_mgm"
"60423","WD FROM SP HOLLOW RES","2010/02/01","137.7","Monthly withdrawal in millions of gallons","wd_mgm"
"60423","WD FROM SP HOLLOW RES","2010/02/01","4.91785714285714","Water withdrawal in Million gallons Per Day","wl_mgd"
"60423","WD FROM SP HOLLOW RES","2010/01/01","2,007.6","Withdrawal in MGY","wd_mgy"
"60423","WD FROM SP HOLLOW RES","2010/01/01","159.5","Monthly withdrawal in millions of gallons","wd_mgm"
"60423","WD FROM SP HOLLOW RES","2010/01/01","5.14516129032258","Water withdrawal in Million gallons Per Day","wl_mgd"
"60423","WD FROM SP HOLLOW RES","2009/12/01","5.25296774193548","Water withdrawal in Million gallons Per Day","wl_mgd"
"60423","WD FROM SP HOLLOW RES","2009/12/01","162.842","Monthly withdrawal in millions of gallons","wd_mgm"
"60423","WD FROM SP HOLLOW RES","2009/11/01","5.3866","Water withdrawal in Million gallons Per Day","wl_mgd"
"60423","WD FROM SP HOLLOW RES","2009/11/01","161.598","Monthly withdrawal in millions of gallons","wd_mgm"
"60423","WD FROM SP HOLLOW RES","2009/10/01","157.781","Monthly withdrawal in millions of gallons","wd_mgm"
"60423","WD FROM SP HOLLOW RES","2009/10/01","5.08970967741936","Water withdrawal in Million gallons Per Day","wl_mgd"
"60423","WD FROM SP HOLLOW RES","2009/09/01","152.066","Monthly withdrawal in millions of gallons","wd_mgm"
"60423","WD FROM SP HOLLOW RES","2009/09/01","5.06886666666667","Water withdrawal in Million gallons Per Day","wl_mgd"
"60423","WD FROM SP HOLLOW RES","2009/08/01","5.40890322580645","Water withdrawal in Million gallons Per Day","wl_mgd"
"60423","WD FROM SP HOLLOW RES","2009/08/01","167.676","Monthly withdrawal in millions of gallons","wd_mgm"
"60423","WD FROM SP HOLLOW RES","2009/07/01","171.866","Monthly withdrawal in millions of gallons","wd_mgm"
"60423","WD FROM SP HOLLOW RES","2009/07/01","5.54406451612903","Water withdrawal in Million gallons Per Day","wl_mgd"
"60423","WD FROM SP HOLLOW RES","2009/06/01","5.24446666666667","Water withdrawal in Million gallons Per Day","wl_mgd"
"60423","WD FROM SP HOLLOW RES","2009/06/01","157.334","Monthly withdrawal in millions of gallons","wd_mgm"
"60423","WD FROM SP HOLLOW RES","2009/05/01","4.26687096774194","Water withdrawal in Million gallons Per Day","wl_mgd"
"60423","WD FROM SP HOLLOW RES","2009/05/01","132.273","Monthly withdrawal in millions of gallons","wd_mgm"
"60423","WD FROM SP HOLLOW RES","2009/04/01","137.548","Monthly withdrawal in millions of gallons","wd_mgm"
"60423","WD FROM SP HOLLOW RES","2009/04/01","4.58493333333333","Water withdrawal in Million gallons Per Day","wl_mgd"
"60423","WD FROM SP HOLLOW RES","2009/03/01","4.86587096774194","Water withdrawal in Million gallons Per Day","wl_mgd"
"60423","WD FROM SP HOLLOW RES","2009/03/01","150.842","Monthly withdrawal in millions of gallons","wd_mgm"
"60423","WD FROM SP HOLLOW RES","2009/02/01","125.906","Monthly withdrawal in millions of gallons","wd_mgm"
"60423","WD FROM SP HOLLOW RES","2009/02/01","4.49664285714286","Water withdrawal in Million gallons Per Day","wl_mgd"
"60423","WD FROM SP HOLLOW RES","2009/01/01","4.26441935483871","Water withdrawal in Million gallons Per Day","wl_mgd"
"60423","WD FROM SP HOLLOW RES","2009/01/01","132.197","Monthly withdrawal in millions of gallons","wd_mgm"
"60423","WD FROM SP HOLLOW RES","2009/01/01","1,809.929","Withdrawal in MGY","wd_mgy"
"60423","WD FROM SP HOLLOW RES","2008/12/01","133.015","Monthly withdrawal in millions of gallons","wd_mgm"
"60423","WD FROM SP HOLLOW RES","2008/12/01","4.2908064516129","Water withdrawal in Million gallons Per Day","wl_mgd"
"60423","WD FROM SP HOLLOW RES","2008/11/01","129.4","Monthly withdrawal in millions of gallons","wd_mgm"
"60423","WD FROM SP HOLLOW RES","2008/11/01","4.31333333333333","Water withdrawal in Million gallons Per Day","wl_mgd"
"60423","WD FROM SP HOLLOW RES","2008/10/01","5.54445161290323","Water withdrawal in Million gallons Per Day","wl_mgd"
"60423","WD FROM SP HOLLOW RES","2008/10/01","171.878","Monthly withdrawal in millions of gallons","wd_mgm"
"60423","WD FROM SP HOLLOW RES","2008/09/01","175.201","Monthly withdrawal in millions of gallons","wd_mgm"
"60423","WD FROM SP HOLLOW RES","2008/09/01","5.84003333333333","Water withdrawal in Million gallons Per Day","wl_mgd"
"60423","WD FROM SP HOLLOW RES","2008/08/01","8.642","Water withdrawal in Million gallons Per Day","wl_mgd"
"60423","WD FROM SP HOLLOW RES","2008/08/01","267.902","Monthly withdrawal in millions of gallons","wd_mgm"
"60423","WD FROM SP HOLLOW RES","2008/07/01","267.206","Monthly withdrawal in millions of gallons","wd_mgm"
"60423","WD FROM SP HOLLOW RES","2008/07/01","8.61954838709677","Water withdrawal in Million gallons Per Day","wl_mgd"
"60423","WD FROM SP HOLLOW RES","2008/06/01","9.14193333333333","Water withdrawal in Million gallons Per Day","wl_mgd"
"60423","WD FROM SP HOLLOW RES","2008/06/01","274.258","Monthly withdrawal in millions of gallons","wd_mgm"
"60423","WD FROM SP HOLLOW RES","2008/05/01","278.591","Monthly withdrawal in millions of gallons","wd_mgm"
"60423","WD FROM SP HOLLOW RES","2008/05/01","8.9868064516129","Water withdrawal in Million gallons Per Day","wl_mgd"
"60423","WD FROM SP HOLLOW RES","2008/04/01","8.06686666666667","Water withdrawal in Million gallons Per Day","wl_mgd"
"60423","WD FROM SP HOLLOW RES","2008/04/01","242.006","Monthly withdrawal in millions of gallons","wd_mgm"
"60423","WD FROM SP HOLLOW RES","2008/03/01","7.31545161290323","Water withdrawal in Million gallons Per Day","wl_mgd"
"60423","WD FROM SP HOLLOW RES","2008/03/01","226.779","Monthly withdrawal in millions of gallons","wd_mgm"
"60423","WD FROM SP HOLLOW RES","2008/02/01","7.28703448275862","Water withdrawal in Million gallons Per Day","wl_mgd"
"60423","WD FROM SP HOLLOW RES","2008/02/01","211.324","Monthly withdrawal in millions of gallons","wd_mgm"
"60423","WD FROM SP HOLLOW RES","2008/01/01","221.281","Monthly withdrawal in millions of gallons","wd_mgm"
"60423","WD FROM SP HOLLOW RES","2008/01/01","2,598.841","Withdrawal in MGY","wd_mgy"
"60423","WD FROM SP HOLLOW RES","2008/01/01","7.13809677419355","Water withdrawal in Million gallons Per Day","wl_mgd"
"60423","WD FROM SP HOLLOW RES","2007/12/01","5.72045161290323","Water withdrawal in Million gallons Per Day","wl_mgd"
"60423","WD FROM SP HOLLOW RES","2007/12/01","177.334","Monthly withdrawal in millions of gallons","wd_mgm"
"60423","WD FROM SP HOLLOW RES","2007/11/01","152.707","Monthly withdrawal in millions of gallons","wd_mgm"
"60423","WD FROM SP HOLLOW RES","2007/11/01","5.09023333333333","Water withdrawal in Million gallons Per Day","wl_mgd"
"60423","WD FROM SP HOLLOW RES","2007/10/01","150.596","Monthly withdrawal in millions of gallons","wd_mgm"
"60423","WD FROM SP HOLLOW RES","2007/10/01","4.85793548387097","Water withdrawal in Million gallons Per Day","wl_mgd"
"60423","WD FROM SP HOLLOW RES","2007/09/01","5.43656666666667","Water withdrawal in Million gallons Per Day","wl_mgd"
"60423","WD FROM SP HOLLOW RES","2007/09/01","163.097","Monthly withdrawal in millions of gallons","wd_mgm"
"60423","WD FROM SP HOLLOW RES","2007/08/01","200.99","Monthly withdrawal in millions of gallons","wd_mgm"
"60423","WD FROM SP HOLLOW RES","2007/08/01","6.48354838709677","Water withdrawal in Million gallons Per Day","wl_mgd"
"60423","WD FROM SP HOLLOW RES","2007/07/01","200.291","Monthly withdrawal in millions of gallons","wd_mgm"
"60423","WD FROM SP HOLLOW RES","2007/07/01","6.461","Water withdrawal in Million gallons Per Day","wl_mgd"
"60423","WD FROM SP HOLLOW RES","2007/06/01","6.47243333333333","Water withdrawal in Million gallons Per Day","wl_mgd"
"60423","WD FROM SP HOLLOW RES","2007/06/01","194.173","Monthly withdrawal in millions of gallons","wd_mgm"
"60423","WD FROM SP HOLLOW RES","2007/05/01","6.06335483870968","Water withdrawal in Million gallons Per Day","wl_mgd"
"60423","WD FROM SP HOLLOW RES","2007/05/01","187.964","Monthly withdrawal in millions of gallons","wd_mgm"
"60423","WD FROM SP HOLLOW RES","2007/04/01","5.1553","Water withdrawal in Million gallons Per Day","wl_mgd"
"60423","WD FROM SP HOLLOW RES","2007/04/01","154.659","Monthly withdrawal in millions of gallons","wd_mgm"
"60423","WD FROM SP HOLLOW RES","2007/03/01","160.127","Monthly withdrawal in millions of gallons","wd_mgm"
"60423","WD FROM SP HOLLOW RES","2007/03/01","5.16538709677419","Water withdrawal in Million gallons Per Day","wl_mgd"
"60423","WD FROM SP HOLLOW RES","2007/02/01","147.37","Monthly withdrawal in millions of gallons","wd_mgm"
"60423","WD FROM SP HOLLOW RES","2007/02/01","5.26321428571429","Water withdrawal in Million gallons Per Day","wl_mgd"
"60423","WD FROM SP HOLLOW RES","2007/01/01","5.3291935483871","Water withdrawal in Million gallons Per Day","wl_mgd"
"60423","WD FROM SP HOLLOW RES","2007/01/01","2,054.513","Withdrawal in MGY","wd_mgy"
"60423","WD FROM SP HOLLOW RES","2007/01/01","165.205","Monthly withdrawal in millions of gallons","wd_mgm"
"60423","WD FROM SP HOLLOW RES","2006/12/01","171.343","Monthly withdrawal in millions of gallons","wd_mgm"
"60423","WD FROM SP HOLLOW RES","2006/12/01","5.5271935483871","Water withdrawal in Million gallons Per Day","wl_mgd"
"60423","WD FROM SP HOLLOW RES","2006/11/01","174.774","Monthly withdrawal in millions of gallons","wd_mgm"
"60423","WD FROM SP HOLLOW RES","2006/11/01","5.8258","Water withdrawal in Million gallons Per Day","wl_mgd"
"60423","WD FROM SP HOLLOW RES","2006/10/01","184.314","Monthly withdrawal in millions of gallons","wd_mgm"
"60423","WD FROM SP HOLLOW RES","2006/10/01","5.94561290322581","Water withdrawal in Million gallons Per Day","wl_mgd"
"60423","WD FROM SP HOLLOW RES","2006/09/01","6.10776666666667","Water withdrawal in Million gallons Per Day","wl_mgd"
"60423","WD FROM SP HOLLOW RES","2006/09/01","183.233","Monthly withdrawal in millions of gallons","wd_mgm"
"60423","WD FROM SP HOLLOW RES","2006/08/01","227.255","Monthly withdrawal in millions of gallons","wd_mgm"
"60423","WD FROM SP HOLLOW RES","2006/08/01","7.3308064516129","Water withdrawal in Million gallons Per Day","wl_mgd"
"60423","WD FROM SP HOLLOW RES","2006/07/01","194.834","Monthly withdrawal in millions of gallons","wd_mgm"
"60423","WD FROM SP HOLLOW RES","2006/07/01","6.28496774193548","Water withdrawal in Million gallons Per Day","wl_mgd"
"60423","WD FROM SP HOLLOW RES","2006/06/01","192.418","Monthly withdrawal in millions of gallons","wd_mgm"
"60423","WD FROM SP HOLLOW RES","2006/06/01","6.41393333333333","Water withdrawal in Million gallons Per Day","wl_mgd"
"60423","WD FROM SP HOLLOW RES","2006/05/01","6.27358064516129","Water withdrawal in Million gallons Per Day","wl_mgd"
"60423","WD FROM SP HOLLOW RES","2006/05/01","194.481","Monthly withdrawal in millions of gallons","wd_mgm"
"60423","WD FROM SP HOLLOW RES","2006/04/01","6.33286666666667","Water withdrawal in Million gallons Per Day","wl_mgd"
"60423","WD FROM SP HOLLOW RES","2006/04/01","189.986","Monthly withdrawal in millions of gallons","wd_mgm"
"60423","WD FROM SP HOLLOW RES","2006/03/01","196.709","Monthly withdrawal in millions of gallons","wd_mgm"
"60423","WD FROM SP HOLLOW RES","2006/03/01","6.34545161290323","Water withdrawal in Million gallons Per Day","wl_mgd"
"60423","WD FROM SP HOLLOW RES","2006/02/01","179.62","Monthly withdrawal in millions of gallons","wd_mgm"
"60423","WD FROM SP HOLLOW RES","2006/02/01","6.415","Water withdrawal in Million gallons Per Day","wl_mgd"
"60423","WD FROM SP HOLLOW RES","2006/01/01","203.162","Monthly withdrawal in millions of gallons","wd_mgm"
"60423","WD FROM SP HOLLOW RES","2006/01/01","2,292.129","Withdrawal in MGY","wd_mgy"
"60423","WD FROM SP HOLLOW RES","2006/01/01","6.55361290322581","Water withdrawal in Million gallons Per Day","wl_mgd"
"60423","WD FROM SP HOLLOW RES","2005/12/01","6.4808064516129","Water withdrawal in Million gallons Per Day","wl_mgd"
"60423","WD FROM SP HOLLOW RES","2005/12/01","200.905","Monthly withdrawal in millions of gallons","wd_mgm"
"60423","WD FROM SP HOLLOW RES","2005/11/01","188.901","Monthly withdrawal in millions of gallons","wd_mgm"
"60423","WD FROM SP HOLLOW RES","2005/11/01","6.2967","Water withdrawal in Million gallons Per Day","wl_mgd"
"60423","WD FROM SP HOLLOW RES","2005/10/01","195.54","Monthly withdrawal in millions of gallons","wd_mgm"
"60423","WD FROM SP HOLLOW RES","2005/10/01","6.30774193548387","Water withdrawal in Million gallons Per Day","wl_mgd"
"60423","WD FROM SP HOLLOW RES","2005/09/01","7.04056666666667","Water withdrawal in Million gallons Per Day","wl_mgd"
"60423","WD FROM SP HOLLOW RES","2005/09/01","211.217","Monthly withdrawal in millions of gallons","wd_mgm"
"60423","WD FROM SP HOLLOW RES","2005/08/01","6.77254838709677","Water withdrawal in Million gallons Per Day","wl_mgd"
"60423","WD FROM SP HOLLOW RES","2005/08/01","209.949","Monthly withdrawal in millions of gallons","wd_mgm"
"60423","WD FROM SP HOLLOW RES","2005/07/01","6.44974193548387","Water withdrawal in Million gallons Per Day","wl_mgd"
"60423","WD FROM SP HOLLOW RES","2005/07/01","199.942","Monthly withdrawal in millions of gallons","wd_mgm"
"60423","WD FROM SP HOLLOW RES","2005/06/01","6.23663333333333","Water withdrawal in Million gallons Per Day","wl_mgd"
"60423","WD FROM SP HOLLOW RES","2005/06/01","187.099","Monthly withdrawal in millions of gallons","wd_mgm"
"60423","WD FROM SP HOLLOW RES","2005/05/01","194.747","Monthly withdrawal in millions of gallons","wd_mgm"
"60423","WD FROM SP HOLLOW RES","2005/05/01","6.28216129032258","Water withdrawal in Million gallons Per Day","wl_mgd"
"60423","WD FROM SP HOLLOW RES","2005/04/01","6.09073333333333","Water withdrawal in Million gallons Per Day","wl_mgd"
"60423","WD FROM SP HOLLOW RES","2005/04/01","182.722","Monthly withdrawal in millions of gallons","wd_mgm"
"60423","WD FROM SP HOLLOW RES","2005/03/01","188.714","Monthly withdrawal in millions of gallons","wd_mgm"
"60423","WD FROM SP HOLLOW RES","2005/03/01","6.08754838709677","Water withdrawal in Million gallons Per Day","wl_mgd"
"60423","WD FROM SP HOLLOW RES","2005/02/01","5.98878571428571","Water withdrawal in Million gallons Per Day","wl_mgd"
"60423","WD FROM SP HOLLOW RES","2005/02/01","167.686","Monthly withdrawal in millions of gallons","wd_mgm"
"60423","WD FROM SP HOLLOW RES","2005/01/01","6.31564516129032","Water withdrawal in Million gallons Per Day","wl_mgd"
"60423","WD FROM SP HOLLOW RES","2005/01/01","2,323.207","Withdrawal in MGY","wd_mgy"
"60423","WD FROM SP HOLLOW RES","2005/01/01","195.785","Monthly withdrawal in millions of gallons","wd_mgm"
"60423","WD FROM SP HOLLOW RES","2004/12/01","6.49354838709677","Water withdrawal in Million gallons Per Day","wl_mgd"
"60423","WD FROM SP HOLLOW RES","2004/12/01","201.3","Monthly withdrawal in millions of gallons","wd_mgm"
"60423","WD FROM SP HOLLOW RES","2004/11/01","188.9","Monthly withdrawal in millions of gallons","wd_mgm"
"60423","WD FROM SP HOLLOW RES","2004/11/01","6.29666666666667","Water withdrawal in Million gallons Per Day","wl_mgd"
"60423","WD FROM SP HOLLOW RES","2004/10/01","6.45161290322581","Water withdrawal in Million gallons Per Day","wl_mgd"
"60423","WD FROM SP HOLLOW RES","2004/10/01","200","Monthly withdrawal in millions of gallons","wd_mgm"
"60423","WD FROM SP HOLLOW RES","2004/09/01","6.43666666666667","Water withdrawal in Million gallons Per Day","wl_mgd"
"60423","WD FROM SP HOLLOW RES","2004/09/01","193.1","Monthly withdrawal in millions of gallons","wd_mgm"
"60423","WD FROM SP HOLLOW RES","2004/08/01","6.3741935483871","Water withdrawal in Million gallons Per Day","wl_mgd"
"60423","WD FROM SP HOLLOW RES","2004/08/01","197.6","Monthly withdrawal in millions of gallons","wd_mgm"
"60423","WD FROM SP HOLLOW RES","2004/07/01","197","Monthly withdrawal in millions of gallons","wd_mgm"
"60423","WD FROM SP HOLLOW RES","2004/07/01","6.35483870967742","Water withdrawal in Million gallons Per Day","wl_mgd"
"60423","WD FROM SP HOLLOW RES","2004/06/01","190.5","Monthly withdrawal in millions of gallons","wd_mgm"
"60423","WD FROM SP HOLLOW RES","2004/06/01","6.35","Water withdrawal in Million gallons Per Day","wl_mgd"
"60423","WD FROM SP HOLLOW RES","2004/05/01","205.2","Monthly withdrawal in millions of gallons","wd_mgm"
"60423","WD FROM SP HOLLOW RES","2004/05/01","6.61935483870968","Water withdrawal in Million gallons Per Day","wl_mgd"
"60423","WD FROM SP HOLLOW RES","2004/04/01","188","Monthly withdrawal in millions of gallons","wd_mgm"
"60423","WD FROM SP HOLLOW RES","2004/04/01","6.26666666666667","Water withdrawal in Million gallons Per Day","wl_mgd"
"60423","WD FROM SP HOLLOW RES","2004/03/01","185","Monthly withdrawal in millions of gallons","wd_mgm"
"60423","WD FROM SP HOLLOW RES","2004/03/01","5.96774193548387","Water withdrawal in Million gallons Per Day","wl_mgd"
"60423","WD FROM SP HOLLOW RES","2004/02/01","5.28965517241379","Water withdrawal in Million gallons Per Day","wl_mgd"
"60423","WD FROM SP HOLLOW RES","2004/02/01","153.4","Monthly withdrawal in millions of gallons","wd_mgm"
"60423","WD FROM SP HOLLOW RES","2004/01/01","2,252.3","Withdrawal in MGY","wd_mgy"
"60423","WD FROM SP HOLLOW RES","2004/01/01","152.3","Monthly withdrawal in millions of gallons","wd_mgm"
"60423","WD FROM SP HOLLOW RES","2004/01/01","4.91290322580645","Water withdrawal in Million gallons Per Day","wl_mgd"
"60423","WD FROM SP HOLLOW RES","2003/12/01","176.2","Monthly withdrawal in millions of gallons","wd_mgm"
"60423","WD FROM SP HOLLOW RES","2003/12/01","5.68387096774194","Water withdrawal in Million gallons Per Day","wl_mgd"
"60423","WD FROM SP HOLLOW RES","2003/11/01","182.9","Monthly withdrawal in millions of gallons","wd_mgm"
"60423","WD FROM SP HOLLOW RES","2003/11/01","6.09666666666667","Water withdrawal in Million gallons Per Day","wl_mgd"
"60423","WD FROM SP HOLLOW RES","2003/10/01","182.7","Monthly withdrawal in millions of gallons","wd_mgm"
"60423","WD FROM SP HOLLOW RES","2003/10/01","5.89354838709677","Water withdrawal in Million gallons Per Day","wl_mgd"
"60423","WD FROM SP HOLLOW RES","2003/09/01","5.61333333333333","Water withdrawal in Million gallons Per Day","wl_mgd"
"60423","WD FROM SP HOLLOW RES","2003/09/01","168.4","Monthly withdrawal in millions of gallons","wd_mgm"
"60423","WD FROM SP HOLLOW RES","2003/08/01","166","Monthly withdrawal in millions of gallons","wd_mgm"
"60423","WD FROM SP HOLLOW RES","2003/08/01","5.35483870967742","Water withdrawal in Million gallons Per Day","wl_mgd"
"60423","WD FROM SP HOLLOW RES","2003/07/01","179.8","Monthly withdrawal in millions of gallons","wd_mgm"
"60423","WD FROM SP HOLLOW RES","2003/07/01","5.8","Water withdrawal in Million gallons Per Day","wl_mgd"
"60423","WD FROM SP HOLLOW RES","2003/06/01","172.1","Monthly withdrawal in millions of gallons","wd_mgm"
"60423","WD FROM SP HOLLOW RES","2003/06/01","5.73666666666667","Water withdrawal in Million gallons Per Day","wl_mgd"
"60423","WD FROM SP HOLLOW RES","2003/05/01","4.68064516129032","Water withdrawal in Million gallons Per Day","wl_mgd"
"60423","WD FROM SP HOLLOW RES","2003/05/01","145.1","Monthly withdrawal in millions of gallons","wd_mgm"
"60423","WD FROM SP HOLLOW RES","2003/04/01","4.77666666666667","Water withdrawal in Million gallons Per Day","wl_mgd"
"60423","WD FROM SP HOLLOW RES","2003/04/01","143.3","Monthly withdrawal in millions of gallons","wd_mgm"
"60423","WD FROM SP HOLLOW RES","2003/03/01","151.9","Monthly withdrawal in millions of gallons","wd_mgm"
"60423","WD FROM SP HOLLOW RES","2003/03/01","4.9","Water withdrawal in Million gallons Per Day","wl_mgd"
"60423","WD FROM SP HOLLOW RES","2003/02/01","143.5","Monthly withdrawal in millions of gallons","wd_mgm"
"60423","WD FROM SP HOLLOW RES","2003/02/01","5.125","Water withdrawal in Million gallons Per Day","wl_mgd"
"60423","WD FROM SP HOLLOW RES","2003/01/01","5.5258064516129","Water withdrawal in Million gallons Per Day","wl_mgd"
"60423","WD FROM SP HOLLOW RES","2003/01/01","1,983.2","Withdrawal in MGY","wd_mgy"
"60423","WD FROM SP HOLLOW RES","2003/01/01","171.3","Monthly withdrawal in millions of gallons","wd_mgm"
"60423","WD FROM SP HOLLOW RES","2002/12/01","165.2","Monthly withdrawal in millions of gallons","wd_mgm"
"60423","WD FROM SP HOLLOW RES","2002/12/01","5.32903225806452","Water withdrawal in Million gallons Per Day","wl_mgd"
"60423","WD FROM SP HOLLOW RES","2002/11/01","158.3","Monthly withdrawal in millions of gallons","wd_mgm"
"60423","WD FROM SP HOLLOW RES","2002/11/01","5.27666666666667","Water withdrawal in Million gallons Per Day","wl_mgd"
"60423","WD FROM SP HOLLOW RES","2002/10/01","193.2","Monthly withdrawal in millions of gallons","wd_mgm"
"60423","WD FROM SP HOLLOW RES","2002/10/01","6.23225806451613","Water withdrawal in Million gallons Per Day","wl_mgd"
"60423","WD FROM SP HOLLOW RES","2002/09/01","184.1","Monthly withdrawal in millions of gallons","wd_mgm"
"60423","WD FROM SP HOLLOW RES","2002/09/01","6.13666666666667","Water withdrawal in Million gallons Per Day","wl_mgd"
"60423","WD FROM SP HOLLOW RES","2002/08/01","5.48387096774194","Water withdrawal in Million gallons Per Day","wl_mgd"
"60423","WD FROM SP HOLLOW RES","2002/08/01","170","Monthly withdrawal in millions of gallons","wd_mgm"
"60423","WD FROM SP HOLLOW RES","2002/07/01","6.1258064516129","Water withdrawal in Million gallons Per Day","wl_mgd"
"60423","WD FROM SP HOLLOW RES","2002/07/01","189.9","Monthly withdrawal in millions of gallons","wd_mgm"
"60423","WD FROM SP HOLLOW RES","2002/06/01","6.35666666666667","Water withdrawal in Million gallons Per Day","wl_mgd"
"60423","WD FROM SP HOLLOW RES","2002/06/01","190.7","Monthly withdrawal in millions of gallons","wd_mgm"
"60423","WD FROM SP HOLLOW RES","2002/05/01","6.20322580645161","Water withdrawal in Million gallons Per Day","wl_mgd"
"60423","WD FROM SP HOLLOW RES","2002/05/01","192.3","Monthly withdrawal in millions of gallons","wd_mgm"
"60423","WD FROM SP HOLLOW RES","2002/04/01","5.37666666666667","Water withdrawal in Million gallons Per Day","wl_mgd"
"60423","WD FROM SP HOLLOW RES","2002/04/01","161.3","Monthly withdrawal in millions of gallons","wd_mgm"
"60423","WD FROM SP HOLLOW RES","2002/03/01","151.4","Monthly withdrawal in millions of gallons","wd_mgm"
"60423","WD FROM SP HOLLOW RES","2002/03/01","4.88387096774194","Water withdrawal in Million gallons Per Day","wl_mgd"
"60423","WD FROM SP HOLLOW RES","2002/02/01","5.11785714285714","Water withdrawal in Million gallons Per Day","wl_mgd"
"60423","WD FROM SP HOLLOW RES","2002/02/01","143.3","Monthly withdrawal in millions of gallons","wd_mgm"
"60423","WD FROM SP HOLLOW RES","2002/01/01","5.32903225806452","Water withdrawal in Million gallons Per Day","wl_mgd"
"60423","WD FROM SP HOLLOW RES","2002/01/01","2,064.9","Withdrawal in MGY","wd_mgy"
"60423","WD FROM SP HOLLOW RES","2002/01/01","165.2","Monthly withdrawal in millions of gallons","wd_mgm"
"60423","WD FROM SP HOLLOW RES","2001/12/01","165.2","Monthly withdrawal in millions of gallons","wd_mgm"
"60423","WD FROM SP HOLLOW RES","2001/12/01","5.32903225806452","Water withdrawal in Million gallons Per Day","wl_mgd"
"60423","WD FROM SP HOLLOW RES","2001/11/01","158.3","Monthly withdrawal in millions of gallons","wd_mgm"
"60423","WD FROM SP HOLLOW RES","2001/11/01","5.27666666666667","Water withdrawal in Million gallons Per Day","wl_mgd"
"60423","WD FROM SP HOLLOW RES","2001/10/01","193.2","Monthly withdrawal in millions of gallons","wd_mgm"
"60423","WD FROM SP HOLLOW RES","2001/10/01","6.23225806451613","Water withdrawal in Million gallons Per Day","wl_mgd"
"60423","WD FROM SP HOLLOW RES","2001/09/01","6.13666666666667","Water withdrawal in Million gallons Per Day","wl_mgd"
"60423","WD FROM SP HOLLOW RES","2001/09/01","184.1","Monthly withdrawal in millions of gallons","wd_mgm"
"60423","WD FROM SP HOLLOW RES","2001/08/01","5.48387096774194","Water withdrawal in Million gallons Per Day","wl_mgd"
"60423","WD FROM SP HOLLOW RES","2001/08/01","170","Monthly withdrawal in millions of gallons","wd_mgm"
"60423","WD FROM SP HOLLOW RES","2001/07/01","6.1258064516129","Water withdrawal in Million gallons Per Day","wl_mgd"
"60423","WD FROM SP HOLLOW RES","2001/07/01","189.9","Monthly withdrawal in millions of gallons","wd_mgm"
"60423","WD FROM SP HOLLOW RES","2001/06/01","6.35666666666667","Water withdrawal in Million gallons Per Day","wl_mgd"
"60423","WD FROM SP HOLLOW RES","2001/06/01","190.7","Monthly withdrawal in millions of gallons","wd_mgm"
"60423","WD FROM SP HOLLOW RES","2001/05/01","6.20322580645161","Water withdrawal in Million gallons Per Day","wl_mgd"
"60423","WD FROM SP HOLLOW RES","2001/05/01","192.3","Monthly withdrawal in millions of gallons","wd_mgm"
"60423","WD FROM SP HOLLOW RES","2001/04/01","161.3","Monthly withdrawal in millions of gallons","wd_mgm"
"60423","WD FROM SP HOLLOW RES","2001/04/01","5.37666666666667","Water withdrawal in Million gallons Per Day","wl_mgd"
"60423","WD FROM SP HOLLOW RES","2001/03/01","4.88387096774194","Water withdrawal in Million gallons Per Day","wl_mgd"
"60423","WD FROM SP HOLLOW RES","2001/03/01","151.4","Monthly withdrawal in millions of gallons","wd_mgm"
"60423","WD FROM SP HOLLOW RES","2001/02/01","5.11785714285714","Water withdrawal in Million gallons Per Day","wl_mgd"
"60423","WD FROM SP HOLLOW RES","2001/02/01","143.3","Monthly withdrawal in millions of gallons","wd_mgm"
"60423","WD FROM SP HOLLOW RES","2001/01/01","165.2","Monthly withdrawal in millions of gallons","wd_mgm"
"60423","WD FROM SP HOLLOW RES","2001/01/01","5.32903225806452","Water withdrawal in Million gallons Per Day","wl_mgd"
"60423","WD FROM SP HOLLOW RES","2001/01/01","2,064.9","Withdrawal in MGY","wd_mgy"
"60423","WD FROM SP HOLLOW RES","2000/12/01","5.31774193548387","Water withdrawal in Million gallons Per Day","wl_mgd"
"60423","WD FROM SP HOLLOW RES","2000/12/01","164.85","Monthly withdrawal in millions of gallons","wd_mgm"
"60423","WD FROM SP HOLLOW RES","2000/11/01","151.13","Monthly withdrawal in millions of gallons","wd_mgm"
"60423","WD FROM SP HOLLOW RES","2000/11/01","5.03766666666667","Water withdrawal in Million gallons Per Day","wl_mgd"
"60423","WD FROM SP HOLLOW RES","2000/10/01","5.16354838709677","Water withdrawal in Million gallons Per Day","wl_mgd"
"60423","WD FROM SP HOLLOW RES","2000/10/01","160.07","Monthly withdrawal in millions of gallons","wd_mgm"
"60423","WD FROM SP HOLLOW RES","2000/09/01","141.89","Monthly withdrawal in millions of gallons","wd_mgm"
"60423","WD FROM SP HOLLOW RES","2000/09/01","4.72966666666667","Water withdrawal in Million gallons Per Day","wl_mgd"
"60423","WD FROM SP HOLLOW RES","2000/08/01","5.67870967741935","Water withdrawal in Million gallons Per Day","wl_mgd"
"60423","WD FROM SP HOLLOW RES","2000/08/01","176.04","Monthly withdrawal in millions of gallons","wd_mgm"
"60423","WD FROM SP HOLLOW RES","2000/07/01","5.91709677419355","Water withdrawal in Million gallons Per Day","wl_mgd"
"60423","WD FROM SP HOLLOW RES","2000/07/01","183.43","Monthly withdrawal in millions of gallons","wd_mgm"
"60423","WD FROM SP HOLLOW RES","2000/06/01","150.46","Monthly withdrawal in millions of gallons","wd_mgm"
"60423","WD FROM SP HOLLOW RES","2000/06/01","5.01533333333333","Water withdrawal in Million gallons Per Day","wl_mgd"
"60423","WD FROM SP HOLLOW RES","2000/05/01","129.57","Monthly withdrawal in millions of gallons","wd_mgm"
"60423","WD FROM SP HOLLOW RES","2000/05/01","4.17967741935484","Water withdrawal in Million gallons Per Day","wl_mgd"
"60423","WD FROM SP HOLLOW RES","2000/04/01","3.52966666666667","Water withdrawal in Million gallons Per Day","wl_mgd"
"60423","WD FROM SP HOLLOW RES","2000/04/01","105.89","Monthly withdrawal in millions of gallons","wd_mgm"
"60423","WD FROM SP HOLLOW RES","2000/03/01","4.02838709677419","Water withdrawal in Million gallons Per Day","wl_mgd"
"60423","WD FROM SP HOLLOW RES","2000/03/01","124.88","Monthly withdrawal in millions of gallons","wd_mgm"
"60423","WD FROM SP HOLLOW RES","2000/02/01","4.94379310344828","Water withdrawal in Million gallons Per Day","wl_mgd"
"60423","WD FROM SP HOLLOW RES","2000/02/01","143.37","Monthly withdrawal in millions of gallons","wd_mgm"
"60423","WD FROM SP HOLLOW RES","2000/01/01","164.35","Monthly withdrawal in millions of gallons","wd_mgm"
"60423","WD FROM SP HOLLOW RES","2000/01/01","1,795.93","Withdrawal in MGY","wd_mgy"
"60423","WD FROM SP HOLLOW RES","2000/01/01","5.30161290322581","Water withdrawal in Million gallons Per Day","wl_mgd"
"60423","WD FROM SP HOLLOW RES","1999/12/01","6.62903225806452","Water withdrawal in Million gallons Per Day","wl_mgd"
"60423","WD FROM SP HOLLOW RES","1999/12/01","205.5","Monthly withdrawal in millions of gallons","wd_mgm"
"60423","WD FROM SP HOLLOW RES","1999/11/01","7.19866666666667","Water withdrawal in Million gallons Per Day","wl_mgd"
"60423","WD FROM SP HOLLOW RES","1999/11/01","215.96","Monthly withdrawal in millions of gallons","wd_mgm"
"60423","WD FROM SP HOLLOW RES","1999/10/01","7.03161290322581","Water withdrawal in Million gallons Per Day","wl_mgd"
"60423","WD FROM SP HOLLOW RES","1999/10/01","217.98","Monthly withdrawal in millions of gallons","wd_mgm"
"60423","WD FROM SP HOLLOW RES","1999/09/01","6.93866666666667","Water withdrawal in Million gallons Per Day","wl_mgd"
"60423","WD FROM SP HOLLOW RES","1999/09/01","208.16","Monthly withdrawal in millions of gallons","wd_mgm"
"60423","WD FROM SP HOLLOW RES","1999/08/01","5.67032258064516","Water withdrawal in Million gallons Per Day","wl_mgd"
"60423","WD FROM SP HOLLOW RES","1999/08/01","175.78","Monthly withdrawal in millions of gallons","wd_mgm"
"60423","WD FROM SP HOLLOW RES","1999/07/01","135.78","Monthly withdrawal in millions of gallons","wd_mgm"
"60423","WD FROM SP HOLLOW RES","1999/07/01","4.38","Water withdrawal in Million gallons Per Day","wl_mgd"
"60423","WD FROM SP HOLLOW RES","1999/06/01","4.116","Water withdrawal in Million gallons Per Day","wl_mgd"
"60423","WD FROM SP HOLLOW RES","1999/06/01","123.48","Monthly withdrawal in millions of gallons","wd_mgm"
"60423","WD FROM SP HOLLOW RES","1999/05/01","88.52","Monthly withdrawal in millions of gallons","wd_mgm"
"60423","WD FROM SP HOLLOW RES","1999/05/01","2.85548387096774","Water withdrawal in Million gallons Per Day","wl_mgd"
"60423","WD FROM SP HOLLOW RES","1999/04/01","2.52833333333333","Water withdrawal in Million gallons Per Day","wl_mgd"
"60423","WD FROM SP HOLLOW RES","1999/04/01","75.85","Monthly withdrawal in millions of gallons","wd_mgm"
"60423","WD FROM SP HOLLOW RES","1999/03/01","75.18","Monthly withdrawal in millions of gallons","wd_mgm"
"60423","WD FROM SP HOLLOW RES","1999/03/01","2.42516129032258","Water withdrawal in Million gallons Per Day","wl_mgd"
"60423","WD FROM SP HOLLOW RES","1999/02/01","2.41964285714286","Water withdrawal in Million gallons Per Day","wl_mgd"
"60423","WD FROM SP HOLLOW RES","1999/02/01","67.75","Monthly withdrawal in millions of gallons","wd_mgm"
"60423","WD FROM SP HOLLOW RES","1999/01/01","1,667.43","Withdrawal in MGY","wd_mgy"
"60423","WD FROM SP HOLLOW RES","1999/01/01","2.49967741935484","Water withdrawal in Million gallons Per Day","wl_mgd"
"60423","WD FROM SP HOLLOW RES","1999/01/01","77.49","Monthly withdrawal in millions of gallons","wd_mgm"
"60423","WD FROM SP HOLLOW RES","1998/12/01","2.49322580645161","Water withdrawal in Million gallons Per Day","wl_mgd"
"60423","WD FROM SP HOLLOW RES","1998/12/01","77.29","Monthly withdrawal in millions of gallons","wd_mgm"
"60423","WD FROM SP HOLLOW RES","1998/11/01","81.27","Monthly withdrawal in millions of gallons","wd_mgm"
"60423","WD FROM SP HOLLOW RES","1998/11/01","2.709","Water withdrawal in Million gallons Per Day","wl_mgd"
"60423","WD FROM SP HOLLOW RES","1998/10/01","84.78","Monthly withdrawal in millions of gallons","wd_mgm"
"60423","WD FROM SP HOLLOW RES","1998/10/01","2.73483870967742","Water withdrawal in Million gallons Per Day","wl_mgd"
"60423","WD FROM SP HOLLOW RES","1998/09/01","2.951","Water withdrawal in Million gallons Per Day","wl_mgd"
"60423","WD FROM SP HOLLOW RES","1998/09/01","88.53","Monthly withdrawal in millions of gallons","wd_mgm"
"60423","WD FROM SP HOLLOW RES","1998/08/01","2.8558064516129","Water withdrawal in Million gallons Per Day","wl_mgd"
"60423","WD FROM SP HOLLOW RES","1998/08/01","88.53","Monthly withdrawal in millions of gallons","wd_mgm"
"60423","WD FROM SP HOLLOW RES","1998/07/01","87.77","Monthly withdrawal in millions of gallons","wd_mgm"
"60423","WD FROM SP HOLLOW RES","1998/07/01","2.83129032258064","Water withdrawal in Million gallons Per Day","wl_mgd"
"60423","WD FROM SP HOLLOW RES","1998/06/01","2.03233333333333","Water withdrawal in Million gallons Per Day","wl_mgd"
"60423","WD FROM SP HOLLOW RES","1998/06/01","60.97","Monthly withdrawal in millions of gallons","wd_mgm"
"60423","WD FROM SP HOLLOW RES","1998/05/01","57.44","Monthly withdrawal in millions of gallons","wd_mgm"
"60423","WD FROM SP HOLLOW RES","1998/05/01","1.85290322580645","Water withdrawal in Million gallons Per Day","wl_mgd"
"60423","WD FROM SP HOLLOW RES","1998/04/01","60.94","Monthly withdrawal in millions of gallons","wd_mgm"
"60423","WD FROM SP HOLLOW RES","1998/04/01","2.03133333333333","Water withdrawal in Million gallons Per Day","wl_mgd"
"60423","WD FROM SP HOLLOW RES","1998/03/01","2.41870967741936","Water withdrawal in Million gallons Per Day","wl_mgd"
"60423","WD FROM SP HOLLOW RES","1998/03/01","74.98","Monthly withdrawal in millions of gallons","wd_mgm"
"60423","WD FROM SP HOLLOW RES","1998/02/01","2.44035714285714","Water withdrawal in Million gallons Per Day","wl_mgd"
"60423","WD FROM SP HOLLOW RES","1998/02/01","68.33","Monthly withdrawal in millions of gallons","wd_mgm"
"60423","WD FROM SP HOLLOW RES","1998/01/01","76.01","Monthly withdrawal in millions of gallons","wd_mgm"
"60423","WD FROM SP HOLLOW RES","1998/01/01","906.84","Withdrawal in MGY","wd_mgy"
"60423","WD FROM SP HOLLOW RES","1998/01/01","2.45193548387097","Water withdrawal in Million gallons Per Day","wl_mgd"
"60423","WD FROM SP HOLLOW RES","1997/12/01","12.01","Monthly withdrawal in millions of gallons","wd_mgm"
"60423","WD FROM SP HOLLOW RES","1997/12/01","0.38741935483871","Water withdrawal in Million gallons Per Day","wl_mgd"
"60423","WD FROM SP HOLLOW RES","1997/11/01","14.07","Monthly withdrawal in millions of gallons","wd_mgm"
"60423","WD FROM SP HOLLOW RES","1997/11/01","0.469","Water withdrawal in Million gallons Per Day","wl_mgd"
"60423","WD FROM SP HOLLOW RES","1997/10/01","0","Monthly withdrawal in millions of gallons","wd_mgm"
"60423","WD FROM SP HOLLOW RES","1997/10/01","0","Water withdrawal in Million gallons Per Day","wl_mgd"
"60423","WD FROM SP HOLLOW RES","1997/09/01","62.14","Monthly withdrawal in millions of gallons","wd_mgm"
"60423","WD FROM SP HOLLOW RES","1997/09/01","2.07133333333333","Water withdrawal in Million gallons Per Day","wl_mgd"
"60423","WD FROM SP HOLLOW RES","1997/08/01","0.169354838709677","Water withdrawal in Million gallons Per Day","wl_mgd"
"60423","WD FROM SP HOLLOW RES","1997/08/01","5.25","Monthly withdrawal in millions of gallons","wd_mgm"
"60423","WD FROM SP HOLLOW RES","1997/07/01","128.2","Monthly withdrawal in millions of gallons","wd_mgm"
"60423","WD FROM SP HOLLOW RES","1997/07/01","4.13548387096774","Water withdrawal in Million gallons Per Day","wl_mgd"
"60423","WD FROM SP HOLLOW RES","1997/06/01","106.27","Monthly withdrawal in millions of gallons","wd_mgm"
"60423","WD FROM SP HOLLOW RES","1997/06/01","3.54233333333333","Water withdrawal in Million gallons Per Day","wl_mgd"
"60423","WD FROM SP HOLLOW RES","1997/05/01","3.63741935483871","Water withdrawal in Million gallons Per Day","wl_mgd"
"60423","WD FROM SP HOLLOW RES","1997/05/01","112.76","Monthly withdrawal in millions of gallons","wd_mgm"
"60423","WD FROM SP HOLLOW RES","1997/04/01","0.804333333333333","Water withdrawal in Million gallons Per Day","wl_mgd"
"60423","WD FROM SP HOLLOW RES","1997/04/01","24.13","Monthly withdrawal in millions of gallons","wd_mgm"
"60423","WD FROM SP HOLLOW RES","1997/03/01","0.115161290322581","Water withdrawal in Million gallons Per Day","wl_mgd"
"60423","WD FROM SP HOLLOW RES","1997/03/01","3.57","Monthly withdrawal in millions of gallons","wd_mgm"
"60423","WD FROM SP HOLLOW RES","1997/02/01","0","Monthly withdrawal in millions of gallons","wd_mgm"
"60423","WD FROM SP HOLLOW RES","1997/02/01","0","Water withdrawal in Million gallons Per Day","wl_mgd"
"60423","WD FROM SP HOLLOW RES","1997/01/01","0","Monthly withdrawal in millions of gallons","wd_mgm"
"60423","WD FROM SP HOLLOW RES","1997/01/01","0","Water withdrawal in Million gallons Per Day","wl_mgd"
"60423","WD FROM SP HOLLOW RES","1997/01/01","468.4","Withdrawal in MGY","wd_mgy"
"60423","WD FROM SP HOLLOW RES","1996/12/01","71.61","Monthly withdrawal in millions of gallons","wd_mgm"
"60423","WD FROM SP HOLLOW RES","1996/12/01","2.31","Water withdrawal in Million gallons Per Day","wl_mgd"
"60423","WD FROM SP HOLLOW RES","1996/11/01","67.75","Monthly withdrawal in millions of gallons","wd_mgm"
"60423","WD FROM SP HOLLOW RES","1996/11/01","2.25833333333333","Water withdrawal in Million gallons Per Day","wl_mgd"
"60423","WD FROM SP HOLLOW RES","1996/10/01","61.37","Monthly withdrawal in millions of gallons","wd_mgm"
"60423","WD FROM SP HOLLOW RES","1996/10/01","1.97967741935484","Water withdrawal in Million gallons Per Day","wl_mgd"
"60423","WD FROM SP HOLLOW RES","1996/09/01","55.66","Monthly withdrawal in millions of gallons","wd_mgm"
"60423","WD FROM SP HOLLOW RES","1996/09/01","1.85533333333333","Water withdrawal in Million gallons Per Day","wl_mgd"
"60423","WD FROM SP HOLLOW RES","1996/08/01","57.07","Monthly withdrawal in millions of gallons","wd_mgm"
"60423","WD FROM SP HOLLOW RES","1996/08/01","1.84096774193548","Water withdrawal in Million gallons Per Day","wl_mgd"
"60423","WD FROM SP HOLLOW RES","1996/07/01","57.99","Monthly withdrawal in millions of gallons","wd_mgm"
"60423","WD FROM SP HOLLOW RES","1996/07/01","1.87064516129032","Water withdrawal in Million gallons Per Day","wl_mgd"
"60423","WD FROM SP HOLLOW RES","1996/06/01","1.77766666666667","Water withdrawal in Million gallons Per Day","wl_mgd"
"60423","WD FROM SP HOLLOW RES","1996/06/01","53.33","Monthly withdrawal in millions of gallons","wd_mgm"
"60423","WD FROM SP HOLLOW RES","1996/05/01","54.3","Monthly withdrawal in millions of gallons","wd_mgm"
"60423","WD FROM SP HOLLOW RES","1996/05/01","1.75161290322581","Water withdrawal in Million gallons Per Day","wl_mgd"
"60423","WD FROM SP HOLLOW RES","1996/04/01","1.27833333333333","Water withdrawal in Million gallons Per Day","wl_mgd"
"60423","WD FROM SP HOLLOW RES","1996/04/01","38.35","Monthly withdrawal in millions of gallons","wd_mgm"
"60423","WD FROM SP HOLLOW RES","1996/03/01","0.62741935483871","Water withdrawal in Million gallons Per Day","wl_mgd"
"60423","WD FROM SP HOLLOW RES","1996/03/01","19.45","Monthly withdrawal in millions of gallons","wd_mgm"
"60423","WD FROM SP HOLLOW RES","1996/02/01","2.58","Monthly withdrawal in millions of gallons","wd_mgm"
"60423","WD FROM SP HOLLOW RES","1996/02/01","0.0889655172413793","Water withdrawal in Million gallons Per Day","wl_mgd"
"60423","WD FROM SP HOLLOW RES","1996/01/01","0","Monthly withdrawal in millions of gallons","wd_mgm"
"60423","WD FROM SP HOLLOW RES","1996/01/01","0","Water withdrawal in Million gallons Per Day","wl_mgd"
"60423","WD FROM SP HOLLOW RES","1996/01/01","539.46","Withdrawal in MGY","wd_mgy"
